"row_id","incident_datetime","incident_date","incident_time","incident_year","incident_day_of_week","report_datetime","incident_id","incident_number","cad_number","report_type_code","report_type_description","filed_online","incident_code","incident_category","incident_subcategory","incident_description","resolution","intersection","cnn","police_district","analysis_neighborhood","supervisor_district","supervisor_district_2012","latitude","longitude","point","data_as_of","data_loaded_at"
"156136306224","2026-04-01T00:00:00.000","2026-04-01T00:00:00.000","00:00","2026","Wednesday","2026-04-01T12:34:00.000","1561363","266035027",,"II","Coplogic Initial","true","06224","Larceny Theft","Larceny - From Vehicle","Theft, From Unlocked Vehicle, >$950","Open or Active","20TH AVE \ QUINTARA ST","23206000","Taraval","Sunset/Parkside","4","4","37.748600006103516","-122.4771499633789","POINT (-122.477149963 37.748600006)","2026-04-09T09:34:27.000","2026-04-10T09:58:05.000"
"156267106221","2026-04-01T05:30:00.000","2026-04-01T00:00:00.000","05:30","2026","Wednesday","2026-04-14T16:48:00.000","1562671","260207729","261042497","II","Initial",,"06221","Larceny Theft","Larceny - From Vehicle","Theft, From Unlocked Vehicle, <$50","Open or Active","17TH ST \ TREAT AVE","24053000","Mission","Mission","9","9","37.763824462890625","-122.41358947753906","POINT (-122.413589478 37.763824463)","2026-04-15T09:34:21.000","2026-04-16T10:01:33.000"
"155962006244","2026-04-01T10:45:00.000","2026-04-01T00:00:00.000","10:45","2026","Wednesday","2026-04-01T19:30:00.000","1559620","260182068","260912982","II","Initial",,"06244","Larceny Theft","Larceny - From Vehicle","Theft, From Locked Vehicle, >$950","Open or Active","JACKSON ST \ KEARNY ST","24778000","Central","Chinatown","3","3","37.79621124267578","-122.40514373779297","POINT (-122.405143738 37.796211243)","2026-04-02T12:09:23.000","2026-04-03T09:57:35.000"
"155957106223","2026-04-01T13:50:00.000","2026-04-01T00:00:00.000","13:50","2026","Wednesday","2026-04-01T15:14:00.000","1559571","260181521","260912185","II","Initial",,"06223","Larceny Theft","Larceny - From Vehicle","Theft, From Unlocked Vehicle, $200-$950","Open or Active","HUDSON AVE \ WESTBROOK CT","20189000","Bayview","Bayview Hunters Point","10","10","37.73497772216797","-122.38313293457031","POINT (-122.383132935 37.734977722)","2026-04-02T12:09:23.000","2026-04-03T09:57:35.000"
"155956006244","2026-04-01T14:30:00.000","2026-04-01T00:00:00.000","14:30","2026","Wednesday","2026-04-01T15:11:00.000","1559560","260181515","260912178","II","Initial",,"06244","Larceny Theft","Larceny - From Vehicle","Theft, From Locked Vehicle, >$950","Open or Active","EL CAMINO DEL MAR \ LEGION OF HONOR DR","51489000","Richmond","Lincoln Park","1","1","37.785667419433594","-122.50037384033203","POINT (-122.50037384 37.785667419)","2026-04-02T12:09:23.000","2026-04-03T09:57:35.000"
"155962106244","2026-04-01T17:45:00.000","2026-04-01T00:00:00.000","17:45","2026","Wednesday","2026-04-01T17:53:00.000","1559621","260181929","260912726","II","Initial",,"06244","Larceny Theft","Larceny - From Vehicle","Theft, From Locked Vehicle, >$950","Open or Active","17TH AVE \ TARAVAL ST","23179000","Taraval","West of Twin Peaks","7","7","37.74314498901367","-122.47355651855469","POINT (-122.473556519 37.743144989)","2026-04-02T12:09:23.000","2026-04-03T09:57:35.000"
"156000306244","2026-04-01T20:00:00.000","2026-04-01T00:00:00.000","20:00","2026","Wednesday","2026-04-02T11:02:00.000","1560003","266032073",,"II","Coplogic Initial","true","06244","Larceny Theft","Larceny - From Vehicle","Theft, From Locked Vehicle, >$950","Open or Active","MARIPOSA ST \ VERMONT ST","23777000","Bayview","Potrero Hill","10","10","37.76338195800781","-122.40437316894531","POINT (-122.404373169 37.763381958)","2026-04-03T09:36:46.000","2026-04-04T09:56:52.000"
"155983306242","2026-04-01T22:00:00.000","2026-04-01T00:00:00.000","22:00","2026","Wednesday","2026-04-02T15:12:00.000","1559833","260183878","260922296","II","Initial",,"06242","Larceny Theft","Larceny - From Vehicle","Theft, From Locked Vehicle, $50-$200","Open or Active","MARIPOSA ST \ VERMONT ST","23777000","Bayview","Potrero Hill","10","10","37.76338195800781","-122.40437316894531","POINT (-122.404373169 37.763381958)","2026-04-03T09:36:46.000","2026-04-04T09:56:52.000"
"156179006244","2026-04-02T02:00:00.000","2026-04-02T00:00:00.000","02:00","2026","Thursday","2026-04-06T14:34:00.000","1561790","266035691",,"II","Coplogic Initial","true","06244","Larceny Theft","Larceny - From Vehicle","Theft, From Locked Vehicle, >$950","Open or Active","GIRARD ST \ WOOLSEY ST","20631000","Bayview","Portola","9","9","37.7249755859375","-122.40360260009766","POINT (-122.4036026 37.724975586)","2026-04-11T09:34:02.000","2026-04-12T09:57:47.000"
"155977506222","2026-04-02T07:00:00.000","2026-04-02T00:00:00.000","07:00","2026","Thursday","2026-04-02T14:14:00.000","1559775","260183674","260922080","II","Initial",,"06222","Larceny Theft","Larceny - From Vehicle","Theft, From Unlocked Vehicle, $50-$200","Open or Active","MONTGOMERY ST \ SUTTER ST","24678000","Central","Financial District/South Beach","3","3","37.7900390625","-122.40219116210938","POINT (-122.402191162 37.790039062)","2026-04-03T09:36:46.000","2026-04-04T09:56:52.000"
"156075206244","2026-04-02T08:00:00.000","2026-04-02T00:00:00.000","08:00","2026","Thursday","2026-04-02T22:36:00.000","1560752","266033827",,"II","Coplogic Initial","true","06244","Larceny Theft","Larceny - From Vehicle","Theft, From Locked Vehicle, >$950","Open or Active","14TH ST \ SOUTH VAN NESS AVE","24342000","Mission","Mission","9","9","37.76840591430664","-122.41780090332031","POINT (-122.417800903 37.768405914)","2026-04-07T09:34:18.000","2026-04-08T10:04:08.000"
"156064006244","2026-04-02T08:15:00.000","2026-04-02T00:00:00.000","08:15","2026","Thursday","2026-04-02T19:22:00.000","1560640","266034029",,"II","Coplogic Initial","true","06244","Larceny Theft","Larceny - From Vehicle","Theft, From Locked Vehicle, >$950","Open or Active","CLARENDON AVE \ LAGUNA HONDA BLVD","27037000","Park","West of Twin Peaks","7","7","37.751502990722656","-122.4615249633789","POINT (-122.461524963 37.751502991)","2026-04-07T09:34:18.000","2026-04-08T10:04:08.000"
"155978506221","2026-04-02T12:47:00.000","2026-04-02T00:00:00.000","12:47","2026","Thursday","2026-04-02T12:52:00.000","1559785","260183549","260921760","II","Initial",,"06221","Larceny Theft","Larceny - From Vehicle","Theft, From Unlocked Vehicle, <$50","Open or Active","FRESNO ST \ ROMOLO ST","25320000","Central","North Beach","3","3","37.798587799072266","-122.4063720703125","POINT (-122.40637207 37.798587799)","2026-04-03T09:36:46.000","2026-04-04T09:56:52.000"
"156071906244","2026-04-02T13:00:00.000","2026-04-02T00:00:00.000","13:00","2026","Thursday","2026-04-06T12:49:00.000","1560719","260191229","260961626","II","Initial",,"06244","Larceny Theft","Larceny - From Vehicle","Theft, From Locked Vehicle, >$950","Open or Active","KEARNY ST \ MERCHANT ST","24773000","Central","Chinatown","3","3","37.79486083984375","-122.40487670898438","POINT (-122.404876709 37.79486084)","2026-04-07T09:34:18.000","2026-04-08T10:04:08.000"
"155990206244","2026-04-02T18:00:00.000","2026-04-02T00:00:00.000","18:00","2026","Thursday","2026-04-02T21:51:00.000","1559902","260184597","260923561","II","Initial",,"06244","Larceny Theft","Larceny - From Vehicle","Theft, From Locked Vehicle, >$950","Open or Active","FILLMORE ST \ GEARY BLVD","26590000","Northern","Western Addition","5","5","37.78435516357422","-122.43291473388672","POINT (-122.432914734 37.784355164)","2026-04-03T09:36:46.000","2026-04-04T09:56:52.000"
"156178906224","2026-04-02T18:00:00.000","2026-04-02T00:00:00.000","18:00","2026","Thursday","2026-04-06T11:29:00.000","1561789","266035663",,"II","Coplogic Initial","true","06224","Larceny Theft","Larceny - From Vehicle","Theft, From Unlocked Vehicle, >$950","Open or Active","22ND ST \ PENNSYLVANIA AVE","23625000","Bayview","Potrero Hill","10","10","37.757652282714844","-122.39311981201172","POINT (-122.393119812 37.757652283)","2026-04-11T09:34:02.000","2026-04-12T09:57:47.000"
"155991206224","2026-04-02T21:50:00.000","2026-04-02T00:00:00.000","21:50","2026","Thursday","2026-04-02T22:03:00.000","1559912","260184638","260923588","II","Initial",,"06224","Larceny Theft","Larceny - From Vehicle","Theft, From Unlocked Vehicle, >$950","Open or Active","08TH ST \ MISSION ST","24311000","Southern","South of Market","6","6","37.77745819091797","-122.41315460205078","POINT (-122.413154602 37.777458191)","2026-04-03T09:36:46.000","2026-04-04T09:56:52.000"
"156152106224","2026-04-02T22:00:00.000","2026-04-02T00:00:00.000","22:00","2026","Thursday","2026-04-06T20:18:00.000","1561521","266035287",,"II","Coplogic Initial","true","06224","Larceny Theft","Larceny - From Vehicle","Theft, From Unlocked Vehicle, >$950","Open or Active","EDDY ST \ LAGUNA ST","25964000","Northern","Western Addition","5","5","37.78205871582031","-122.42739868164062","POINT (-122.427398682 37.782058716)","2026-04-10T09:33:56.000","2026-04-11T09:57:29.000"
"155992006241","2026-04-02T23:40:00.000","2026-04-02T00:00:00.000","23:40","2026","Thursday","2026-04-02T23:40:00.000","1559920","260183549","260921760","IS","Initial Supplement",,"06241","Larceny Theft","Larceny - From Vehicle","Theft, From Locked Vehicle, <$50","Open or Active","FRESNO ST \ ROMOLO ST","25320000","Central","North Beach","3","3","37.798587799072266","-122.4063720703125","POINT (-122.40637207 37.798587799)","2026-04-03T09:36:46.000","2026-04-04T09:56:52.000"
"156398506224","2026-04-03T00:00:00.000","2026-04-03T00:00:00.000","00:00","2026","Friday","2026-04-09T14:18:00.000","1563985","266038093",,"II","Coplogic Initial","true","06224","Larceny Theft","Larceny - From Vehicle","Theft, From Unlocked Vehicle, >$950","Open or Active","HYDE ST \ WASHINGTON ST","25261000","Central","Russian Hill","3","3","37.79368209838867","-122.41793823242188","POINT (-122.417938232 37.793682098)","2026-04-21T09:34:34.000","2026-04-22T09:57:03.000"
"156065606244","2026-04-03T00:00:00.000","2026-04-03T00:00:00.000","00:00","2026","Friday","2026-04-03T19:19:00.000","1560656","266033849",,"II","Coplogic Initial","true","06244","Larceny Theft","Larceny - From Vehicle","Theft, From Locked Vehicle, >$950","Open or Active","25TH ST \ UTAH ST","23722000","Mission","Mission","9","10","37.75178527832031","-122.40520477294922","POINT (-122.405204773 37.751785278)","2026-04-07T09:34:18.000","2026-04-08T10:04:08.000"
"156135806224","2026-04-03T01:00:00.000","2026-04-03T00:00:00.000","01:00","2026","Friday","2026-04-06T10:55:00.000","1561358","266035180",,"II","Coplogic Initial","true","06224","Larceny Theft","Larceny - From Vehicle","Theft, From Unlocked Vehicle, >$950","Open or Active",,,"Taraval",,,,,,,"2026-04-09T09:34:27.000","2026-04-10T09:58:05.000"
"156028406242","2026-04-03T02:07:00.000","2026-04-03T00:00:00.000","02:07","2026","Friday","2026-04-03T11:34:00.000","1560284","260185523","260930968","II","Initial",,"06242","Larceny Theft","Larceny - From Vehicle","Theft, From Locked Vehicle, $50-$200","Open or Active","AVILA ST \ BEACH ST","26986000","Northern","Marina","2","2","37.803855895996094","-122.44103240966797","POINT (-122.44103241 37.803855896)","2026-04-07T09:34:18.000","2026-04-08T10:04:08.000"
"156026806244","2026-04-03T06:00:00.000","2026-04-03T00:00:00.000","06:00","2026","Friday","2026-04-03T10:29:00.000","1560268","266032249",,"II","Coplogic Initial","true","06244","Larceny Theft","Larceny - From Vehicle","Theft, From Locked Vehicle, >$950","Open or Active","10TH ST \ FELL ST \ MARKET ST \ POLK ST","30746000","Northern","Tenderloin","6","6","37.77654266357422","-122.4175033569336","POINT (-122.417503357 37.776542664)","2026-04-04T09:33:52.000","2026-04-05T09:56:24.000"
"156074606224","2026-04-03T08:30:00.000","2026-04-03T00:00:00.000","08:30","2026","Friday","2026-04-04T14:07:00.000","1560746","266033582",,"II","Coplogic Initial","true","06224","Larceny Theft","Larceny - From Vehicle","Theft, From Unlocked Vehicle, >$950","Open or Active","03RD ST \ DAVIDSON AVE","20244000","Bayview","Bayview Hunters Point","10","10","37.743526458740234","-122.38762664794922","POINT (-122.387626648 37.743526459)","2026-04-07T09:34:18.000","2026-04-08T10:04:08.000"
"156018206223","2026-04-03T14:00:00.000","2026-04-03T00:00:00.000","14:00","2026","Friday","2026-04-03T16:34:00.000","1560182","260186333","260932480","II","Initial",,"06223","Larceny Theft","Larceny - From Vehicle","Theft, From Unlocked Vehicle, $200-$950","Open or Active","LAGUNA ST \ SACRAMENTO ST","26556000","Northern","Pacific Heights","2","2","37.79045867919922","-122.42909240722656","POINT (-122.429092407 37.790458679)","2026-04-04T09:33:52.000","2026-04-05T09:56:24.000"
"156227906244","2026-04-03T19:30:00.000","2026-04-03T00:00:00.000","19:30","2026","Friday","2026-04-04T14:30:00.000","1562279","266036398",,"II","Coplogic Initial","true","06244","Larceny Theft","Larceny - From Vehicle","Theft, From Locked Vehicle, >$950","Open or Active","PIERCE ST \ WALLER ST","25996000","Park","Haight Ashbury","5","5","37.770755767822266","-122.43354797363281","POINT (-122.433547974 37.770755768)","2026-04-13T09:34:17.000","2026-04-14T10:00:18.000"
"156075406224","2026-04-03T23:05:00.000","2026-04-03T00:00:00.000","23:05","2026","Friday","2026-04-04T06:38:00.000","1560754","266033576",,"II","Coplogic Initial","true","06224","Larceny Theft","Larceny - From Vehicle","Theft, From Unlocked Vehicle, >$950","Open or Active","24TH ST \ ILLINOIS ST","23547000","Bayview","Potrero Hill","10","10","37.75416946411133","-122.3869400024414","POINT (-122.386940002 37.754169464)","2026-04-07T09:34:18.000","2026-04-08T10:04:08.000"
"156066306244","2026-04-04T02:30:00.000","2026-04-04T00:00:00.000","02:30","2026","Saturday","2026-04-04T13:46:00.000","1560663","266033861",,"II","Coplogic Initial","true","06244","Larceny Theft","Larceny - From Vehicle","Theft, From Locked Vehicle, >$950","Open or Active","25TH ST \ TREAT AVE","23980000","Mission","Mission","9","9","37.75096893310547","-122.412841796875","POINT (-122.412841797 37.750968933)","2026-04-07T09:34:18.000","2026-04-08T10:04:08.000"
"156025106243","2026-04-04T02:56:00.000","2026-04-04T00:00:00.000","02:56","2026","Saturday","2026-04-04T02:56:00.000","1560251","260187284","260940346","II","Initial",,"06243","Larceny Theft","Larceny - From Vehicle","Theft, From Locked Vehicle, $200-$950","Open or Active","BAY SHORE BLVD \ PAUL AVE","20574000","Bayview","Bayview Hunters Point","10","10","37.72361755371094","-122.40078735351562","POINT (-122.400787354 37.723617554)","2026-04-07T09:34:18.000","2026-04-08T10:04:08.000"
"156039206243","2026-04-04T04:19:00.000","2026-04-04T00:00:00.000","04:19","2026","Saturday","2026-04-04T19:05:00.000","1560392","260188602","260942703","II","Initial",,"06243","Larceny Theft","Larceny - From Vehicle","Theft, From Locked Vehicle, $200-$950","Open or Active","BELLA VISTA WAY \ MOLIMO DR","22369000","Ingleside","West of Twin Peaks","7","7","37.736717224121094","-122.45186614990234","POINT (-122.45186615 37.736717224)","2026-04-07T09:34:18.000","2026-04-08T10:04:08.000"
"156055006221","2026-04-04T11:00:00.000","2026-04-04T00:00:00.000","11:00","2026","Saturday","2026-04-05T15:46:00.000","1560550","260189729","260951974","II","Initial",,"06221","Larceny Theft","Larceny - From Vehicle","Theft, From Unlocked Vehicle, <$50","Open or Active","HYDE ST \ OFARRELL ST","25145000","Tenderloin","Tenderloin","5","6","37.785377502441406","-122.416259765625","POINT (-122.416259766 37.785377502)","2026-04-07T09:34:18.000","2026-04-08T10:04:08.000"
"156066606224","2026-04-04T13:24:00.000","2026-04-04T00:00:00.000","13:24","2026","Saturday","2026-04-04T19:36:00.000","1560666","266033855",,"II","Coplogic Initial","true","06224","Larceny Theft","Larceny - From Vehicle","Theft, From Unlocked Vehicle, >$950","Open or Active","14TH ST \ FOLSOM ST","24336000","Mission","Mission","9","9","37.76853561401367","-122.41561126708984","POINT (-122.415611267 37.768535614)","2026-04-07T09:34:18.000","2026-04-08T10:04:08.000"
"156178306244","2026-04-04T19:15:00.000","2026-04-04T00:00:00.000","19:15","2026","Saturday","2026-04-05T21:05:00.000","1561783","266035657",,"II","Coplogic Initial","true","06244","Larceny Theft","Larceny - From Vehicle","Theft, From Locked Vehicle, >$950","Open or Active",,,"Bayview",,,,,,,"2026-04-11T09:34:02.000","2026-04-12T09:57:47.000"
"156038106224","2026-04-04T19:24:00.000","2026-04-04T00:00:00.000","19:24","2026","Saturday","2026-04-04T19:41:00.000","1560381","260188511","260942765","II","Initial",,"06224","Larceny Theft","Larceny - From Vehicle","Theft, From Unlocked Vehicle, >$950","Open or Active","HAIGHT ST \ LYON ST","26323000","Park","Haight Ashbury","8","8","37.77063751220703","-122.44200134277344","POINT (-122.442001343 37.770637512)","2026-04-07T09:34:18.000","2026-04-08T10:04:08.000"
"156191906243","2026-04-04T22:00:00.000","2026-04-04T00:00:00.000","22:00","2026","Saturday","2026-04-10T13:28:00.000","1561919","260200325","261001825","II","Initial",,"06243","Larceny Theft","Larceny - From Vehicle","Theft, From Locked Vehicle, $200-$950","Open or Active","HARRISON ST \ SHERMAN ST","23928000","Southern","South of Market","6","6","37.776161193847656","-122.40547943115234","POINT (-122.405479431 37.776161194)","2026-04-11T09:34:02.000","2026-04-12T09:57:47.000"
"156271906244","2026-04-04T23:00:00.000","2026-04-04T00:00:00.000","23:00","2026","Saturday","2026-04-10T11:00:00.000","1562719","266036724",,"II","Coplogic Initial","true","06244","Larceny Theft","Larceny - From Vehicle","Theft, From Locked Vehicle, >$950","Open or Active","03RD AVE \ HUGO ST","27081000","Park","Inner Sunset","7","5","37.765254974365234","-122.45995330810547","POINT (-122.459953308 37.765254974)","2026-04-15T09:34:21.000","2026-04-16T10:01:33.000"
"156249406244","2026-04-05T00:00:00.000","2026-04-05T00:00:00.000","00:00","2026","Sunday","2026-04-06T09:23:00.000","1562494","266036564",,"II","Coplogic Initial","true","06244","Larceny Theft","Larceny - From Vehicle","Theft, From Locked Vehicle, >$950","Open or Active","16TH ST \ CASTRO ST","25807000","Park","Castro/Upper Market","8","8","37.764102935791016","-122.43531799316406","POINT (-122.435317993 37.764102936)","2026-04-14T09:33:53.000","2026-04-15T09:58:06.000"
"156047006243","2026-04-05T01:00:00.000","2026-04-05T00:00:00.000","01:00","2026","Sunday","2026-04-05T11:55:00.000","1560470","260189387","260951347","II","Initial",,"06243","Larceny Theft","Larceny - From Vehicle","Theft, From Locked Vehicle, $200-$950","Open or Active","GOUGH ST \ GROVE ST","25939000","Northern","Hayes Valley","5","5","37.77781677246094","-122.42316436767578","POINT (-122.423164368 37.777816772)","2026-04-07T09:34:18.000","2026-04-08T10:04:08.000"
"156074106224","2026-04-05T12:45:00.000","2026-04-05T00:00:00.000","12:45","2026","Sunday","2026-04-05T21:31:00.000","1560741","266034035",,"II","Coplogic Initial","true","06224","Larceny Theft","Larceny - From Vehicle","Theft, From Unlocked Vehicle, >$950","Open or Active","15TH ST \ SHARON ST","25730000","Mission","Castro/Upper Market","8","8","37.76606369018555","-122.42992401123047","POINT (-122.429924011 37.76606369)","2026-04-07T09:34:18.000","2026-04-08T10:04:08.000"
"156168406224","2026-04-05T13:55:00.000","2026-04-05T00:00:00.000","13:55","2026","Sunday","2026-04-06T15:51:00.000","1561684","266035704",,"II","Coplogic Initial","true","06224","Larceny Theft","Larceny - From Vehicle","Theft, From Unlocked Vehicle, >$950","Open or Active","PALOU AVE \ PHELPS ST","20680000","Bayview","Bayview Hunters Point","10","10","37.736106872558594","-122.39466094970703","POINT (-122.39466095 37.736106873)","2026-04-10T09:33:56.000","2026-04-11T09:57:29.000"
"156058006244","2026-04-05T18:15:00.000","2026-04-05T00:00:00.000","18:15","2026","Sunday","2026-04-05T19:59:00.000","1560580","260190118","260952720","II","Initial",,"06244","Larceny Theft","Larceny - From Vehicle","Theft, From Locked Vehicle, >$950","Open or Active","EDDY ST \ POLK ST","25176000","Northern","Tenderloin","5","6","37.78310012817383","-122.41918182373047","POINT (-122.419181824 37.783100128)","2026-04-07T09:34:18.000","2026-04-08T10:04:08.000"
"156180406244","2026-04-05T18:17:00.000","2026-04-05T00:00:00.000","18:17","2026","Sunday","2026-04-08T10:32:00.000","1561804","260190118",,"IS","Coplogic Supplement","true","06244","Larceny Theft","Larceny - From Vehicle","Theft, From Locked Vehicle, >$950","Open or Active","EDDY ST \ POLK ST","25176000","Northern","Tenderloin","5","6","37.78310012817383","-122.41918182373047","POINT (-122.419181824 37.783100128)","2026-04-11T09:34:02.000","2026-04-12T09:57:47.000"
"156108306224","2026-04-05T20:31:00.000","2026-04-05T00:00:00.000","20:31","2026","Sunday","2026-04-06T13:30:00.000","1561083","266034176",,"II","Coplogic Initial","true","06224","Larceny Theft","Larceny - From Vehicle","Theft, From Unlocked Vehicle, >$950","Open or Active","24TH ST \ UTAH ST","23724000","Mission","Mission","10","10","37.7530632019043","-122.40533447265625","POINT (-122.405334473 37.753063202)","2026-04-08T09:34:24.000","2026-04-09T09:58:29.000"
"156095606244","2026-04-05T22:00:00.000","2026-04-05T00:00:00.000","22:00","2026","Sunday","2026-04-06T10:36:00.000","1560956","266034154",,"II","Coplogic Initial","true","06244","Larceny Theft","Larceny - From Vehicle","Theft, From Locked Vehicle, >$950","Open or Active","STEINER ST \ UNION ST","26682000","Northern","Marina","2","2","37.796878814697266","-122.43714141845703","POINT (-122.437141418 37.796878815)","2026-04-08T09:34:24.000","2026-04-09T09:58:29.000"
"156180106244","2026-04-05T22:00:00.000","2026-04-05T00:00:00.000","22:00","2026","Sunday","2026-04-07T12:29:00.000","1561801","266035732",,"II","Coplogic Initial","true","06244","Larceny Theft","Larceny - From Vehicle","Theft, From Locked Vehicle, >$950","Open or Active","25TH ST \ RHODE ISLAND ST","23694000","Bayview","Potrero Hill","10","10","37.752017974853516","-122.4013671875","POINT (-122.401367188 37.752017975)","2026-04-11T09:34:02.000","2026-04-12T09:57:47.000"
"156136606244","2026-04-06T02:00:00.000","2026-04-06T00:00:00.000","02:00","2026","Monday","2026-04-06T12:27:00.000","1561366","266035196",,"II","Coplogic Initial","true","06244","Larceny Theft","Larceny - From Vehicle","Theft, From Locked Vehicle, >$950","Open or Active","43RD AVE \ WAWONA ST","23446000","Taraval","Sunset/Parkside","4","4","37.736324310302734","-122.50100708007812","POINT (-122.50100708 37.73632431)","2026-04-09T09:34:27.000","2026-04-10T09:58:05.000"
"156212106244","2026-04-06T13:55:00.000","2026-04-06T00:00:00.000","13:55","2026","Monday","2026-04-08T11:47:00.000","1562121","266034643",,"IS","Coplogic Supplement","true","06244","Larceny Theft","Larceny - From Vehicle","Theft, From Locked Vehicle, >$950","Open or Active","20TH ST \ HARRISON ST","24035000","Mission","Mission","9","9","37.759029388427734","-122.4124984741211","POINT (-122.412498474 37.759029388)","2026-04-12T09:34:07.000","2026-04-13T09:58:48.000"
"156297806224","2026-04-06T14:00:00.000","2026-04-06T00:00:00.000","14:00","2026","Monday","2026-04-14T11:09:00.000","1562978","266037067",,"II","Coplogic Initial","true","06224","Larceny Theft","Larceny - From Vehicle","Theft, From Unlocked Vehicle, >$950","Open or Active","41ST AVE \ ORTEGA ST","27753000","Taraval","Sunset/Parkside","4","4","37.75133514404297","-122.49991607666016","POINT (-122.499916077 37.751335144)","2026-04-16T09:34:16.000","2026-04-17T09:57:31.000"
"156136206244","2026-04-06T14:05:00.000","2026-04-06T00:00:00.000","14:05","2026","Monday","2026-04-06T20:22:00.000","1561362","266034643",,"II","Coplogic Initial","true","06244","Larceny Theft","Larceny - From Vehicle","Theft, From Locked Vehicle, >$950","Open or Active","20TH AVE \ BUCKINGHAM WAY \ WINSTON DR","33717000","Taraval","Lakeshore","7","7","37.73011779785156","-122.47593688964844","POINT (-122.47593689 37.730117798)","2026-04-09T09:34:27.000","2026-04-10T09:58:05.000"
"156108506224","2026-04-06T19:00:00.000","2026-04-06T00:00:00.000","19:00","2026","Monday","2026-04-07T09:05:00.000","1561085","266034273",,"II","Coplogic Initial","true","06224","Larceny Theft","Larceny - From Vehicle","Theft, From Unlocked Vehicle, >$950","Open or Active","FORD ST \ SANCHEZ ST","25794000","Mission","Castro/Upper Market","8","8","37.76195526123047","-122.43064880371094","POINT (-122.430648804 37.761955261)","2026-04-08T09:34:24.000","2026-04-09T09:58:29.000"
"156136006244","2026-04-06T22:00:00.000","2026-04-06T00:00:00.000","22:00","2026","Monday","2026-04-08T16:17:00.000","1561360","266035403",,"II","Coplogic Initial","true","06244","Larceny Theft","Larceny - From Vehicle","Theft, From Locked Vehicle, >$950","Open or Active","03RD AVE \ CORNWALL ST","27582000","Richmond","Inner Richmond","1","1","37.78495788574219","-122.46133422851562","POINT (-122.461334229 37.784957886)","2026-04-09T09:34:27.000","2026-04-10T09:58:05.000"
"156411506244","2026-04-07T00:30:00.000","2026-04-07T00:00:00.000","00:30","2026","Tuesday","2026-04-19T00:36:00.000","1564115","266038338",,"II","Coplogic Initial","true","06244","Larceny Theft","Larceny - From Vehicle","Theft, From Locked Vehicle, >$950","Open or Active","DUBOCE AVE \ VALENCIA ST","24403000","Mission","Mission","9","9","37.769866943359375","-122.42236328125","POINT (-122.422363281 37.769866943)","2026-04-21T09:34:34.000","2026-04-22T09:57:03.000"
"156411706244","2026-04-07T02:00:00.000","2026-04-07T00:00:00.000","02:00","2026","Tuesday","2026-04-19T13:02:00.000","1564117","266036893",,"IS","Coplogic Supplement","true","06244","Larceny Theft","Larceny - From Vehicle","Theft, From Locked Vehicle, >$950","Open or Active","19TH ST \ OAKWOOD ST","25681000","Mission","Mission","8","8","37.75989532470703","-122.42486572265625","POINT (-122.424865723 37.759895325)","2026-04-21T09:34:34.000","2026-04-22T09:57:03.000"
"156283206244","2026-04-07T02:00:00.000","2026-04-07T00:00:00.000","02:00","2026","Tuesday","2026-04-14T17:31:00.000","1562832","266036893",,"II","Coplogic Initial","true","06244","Larceny Theft","Larceny - From Vehicle","Theft, From Locked Vehicle, >$950","Open or Active",,,"Mission",,,,,,,"2026-04-16T09:34:16.000","2026-04-17T09:57:31.000"
"156100506223","2026-04-07T03:00:00.000","2026-04-07T00:00:00.000","03:00","2026","Tuesday","2026-04-07T13:54:00.000","1561005","260193877","260971901","II","Initial",,"06223","Larceny Theft","Larceny - From Vehicle","Theft, From Unlocked Vehicle, $200-$950","Open or Active","MASON ST \ POST ST","24919000","Central","Nob Hill","3","3","37.788082122802734","-122.4100570678711","POINT (-122.410057068 37.788082123)","2026-04-08T09:34:24.000","2026-04-09T09:58:29.000"
"156194406244","2026-04-07T06:00:00.000","2026-04-07T00:00:00.000","06:00","2026","Tuesday","2026-04-08T19:28:00.000","1561944","266035970",,"II","Coplogic Initial","true","06244","Larceny Theft","Larceny - From Vehicle","Theft, From Locked Vehicle, >$950","Open or Active","24TH AVE \ MORAGA ST","27389000","Taraval","Sunset/Parkside","4","4","37.7558708190918","-122.4819564819336","POINT (-122.481956482 37.755870819)","2026-04-11T09:34:02.000","2026-04-12T09:57:47.000"
"156096806224","2026-04-07T10:41:00.000","2026-04-07T00:00:00.000","10:41","2026","Tuesday","2026-04-07T10:58:00.000","1560968","260192879","260971214","II","Initial",,"06224","Larceny Theft","Larceny - From Vehicle","Theft, From Unlocked Vehicle, >$950","Open or Active","04TH ST \ MISSION BAY BLVD","34171000","Southern","Mission Bay","6","6","37.7710075378418","-122.39119720458984","POINT (-122.391197205 37.771007538)","2026-04-08T09:34:24.000","2026-04-09T09:58:29.000"
"156095006222","2026-04-07T13:34:00.000","2026-04-07T00:00:00.000","13:34","2026","Tuesday","2026-04-07T13:34:00.000","1560950","260193338","260971836","II","Initial",,"06222","Larceny Theft","Larceny - From Vehicle","Theft, From Unlocked Vehicle, $50-$200","Cite or Arrest Adult","15TH ST \ MISSION ST","24171000","Mission","Mission","9","9","37.76667404174805","-122.4198226928711","POINT (-122.419822693 37.766674042)","2026-04-08T09:34:24.000","2026-04-09T09:58:29.000"
"156096206221","2026-04-07T14:12:00.000","2026-04-07T00:00:00.000","14:12","2026","Tuesday","2026-04-07T14:12:00.000","1560962","260193372","260971952","II","Initial",,"06221","Larceny Theft","Larceny - From Vehicle","Theft, From Unlocked Vehicle, <$50","Open or Active","ARKANSAS ST \ MADERA ST","23706000","Bayview","Potrero Hill","10","10","37.755897521972656","-122.3978271484375","POINT (-122.397827148 37.755897522)","2026-04-09T09:34:27.000","2026-04-10T09:58:05.000"
"156112206241","2026-04-07T18:30:00.000","2026-04-07T00:00:00.000","18:30","2026","Tuesday","2026-04-08T07:26:00.000","1561122","260194546","260980518","II","Initial",,"06241","Larceny Theft","Larceny - From Vehicle","Theft, From Locked Vehicle, <$50","Open or Active","03RD ST \ LA SALLE AVE","20224000","Bayview","Bayview Hunters Point","10","10","37.7371711730957","-122.38986206054688","POINT (-122.389862061 37.737171173)","2026-04-09T09:34:27.000","2026-04-10T09:58:05.000"
"156105706244","2026-04-07T20:20:00.000","2026-04-07T00:00:00.000","20:20","2026","Tuesday","2026-04-08T01:04:00.000","1561057","260194386","260980089","II","Initial",,"06244","Larceny Theft","Larceny - From Vehicle","Theft, From Locked Vehicle, >$950","Open or Active","FRANKLIN ST \ FULTON ST","24472000","Northern","Hayes Valley","5","5","37.77895736694336","-122.42170715332031","POINT (-122.421707153 37.778957367)","2026-04-08T09:34:24.000","2026-04-09T09:58:29.000"
"156217506244","2026-04-07T21:00:00.000","2026-04-07T00:00:00.000","21:00","2026","Tuesday","2026-04-08T11:56:00.000","1562175","266036257",,"II","Coplogic Initial","true","06244","Larceny Theft","Larceny - From Vehicle","Theft, From Locked Vehicle, >$950","Open or Active","15TH ST \ CHURCH ST","25727000","Mission","Castro/Upper Market","8","8","37.76612854003906","-122.42881774902344","POINT (-122.428817749 37.76612854)","2026-04-13T09:34:17.000","2026-04-14T10:00:18.000"
"156126506243","2026-04-08T02:00:00.000","2026-04-08T00:00:00.000","02:00","2026","Wednesday","2026-04-08T18:54:00.000","1561265","260196467","260983103","II","Initial",,"06243","Larceny Theft","Larceny - From Vehicle","Theft, From Locked Vehicle, $200-$950","Open or Active","FELL ST \ GOUGH ST","25916000","Northern","Hayes Valley","5","5","37.77595138549805","-122.42279052734375","POINT (-122.422790527 37.775951385)","2026-04-09T09:34:27.000","2026-04-10T09:58:05.000"
"156217106244","2026-04-08T17:00:00.000","2026-04-08T00:00:00.000","17:00","2026","Wednesday","2026-04-09T10:05:00.000","1562171","266036285",,"II","Coplogic Initial","true","06244","Larceny Theft","Larceny - From Vehicle","Theft, From Locked Vehicle, >$950","Open or Active","19TH ST \ HARRISON ST","24039000","Mission","Mission","9","9","37.76062774658203","-122.41268157958984","POINT (-122.41268158 37.760627747)","2026-04-13T09:34:17.000","2026-04-14T10:00:18.000"
"156256906244","2026-04-08T18:30:00.000","2026-04-08T00:00:00.000","18:30","2026","Wednesday","2026-04-13T10:50:00.000","1562569","266036633",,"II","Coplogic Initial","true","06244","Larceny Theft","Larceny - From Vehicle","Theft, From Locked Vehicle, >$950","Open or Active","14TH ST \ HARRISON ST","33033000","Mission","Mission","9","9","37.768672943115234","-122.41339874267578","POINT (-122.413398743 37.768672943)","2026-04-15T09:34:21.000","2026-04-16T10:01:33.000"
"156217606224","2026-04-08T19:00:00.000","2026-04-08T00:00:00.000","19:00","2026","Wednesday","2026-04-10T10:18:00.000","1562176","266036291",,"II","Coplogic Initial","true","06224","Larceny Theft","Larceny - From Vehicle","Theft, From Unlocked Vehicle, >$950","Open or Active","17TH ST \ SHOTWELL ST","24135000","Mission","Mission","9","9","37.763633728027344","-122.41622924804688","POINT (-122.416229248 37.763633728)","2026-04-13T09:34:17.000","2026-04-14T10:00:18.000"
"156133106224","2026-04-08T22:30:00.000","2026-04-08T00:00:00.000","22:30","2026","Wednesday","2026-04-09T00:10:00.000","1561331","260196934","260990016","II","Initial",,"06224","Larceny Theft","Larceny - From Vehicle","Theft, From Unlocked Vehicle, >$950","Open or Active","FILLMORE ST \ GEARY BLVD","26590000","Northern","Western Addition","5","5","37.78435516357422","-122.43291473388672","POINT (-122.432914734 37.784355164)","2026-04-09T09:34:27.000","2026-04-10T09:58:05.000"
"156163706243","2026-04-09T00:00:00.000","2026-04-09T00:00:00.000","00:00","2026","Thursday","2026-04-09T21:13:00.000","1561637","260199110","260993398","II","Initial",,"06243","Larceny Theft","Larceny - From Vehicle","Theft, From Locked Vehicle, $200-$950","Open or Active","BROADWAY \ VAN NESS AVE","26547000","Central","Russian Hill","3","2","37.795738220214844","-122.42341613769531","POINT (-122.423416138 37.79573822)","2026-04-10T09:33:56.000","2026-04-11T09:57:29.000"
"156194606244","2026-04-09T00:00:00.000","2026-04-09T00:00:00.000","00:00","2026","Thursday","2026-04-09T09:23:00.000","1561946","266035992",,"II","Coplogic Initial","true","06244","Larceny Theft","Larceny - From Vehicle","Theft, From Locked Vehicle, >$950","Open or Active","ROCKAWAY AVE \ ROCKWOOD CT","22843000","Taraval","West of Twin Peaks","7","7","37.743370056152344","-122.45696258544922","POINT (-122.456962585 37.743370056)","2026-04-11T09:34:02.000","2026-04-12T09:57:47.000"
"156326106244","2026-04-09T07:00:00.000","2026-04-09T00:00:00.000","07:00","2026","Thursday","2026-04-09T18:46:00.000","1563261","266037374",,"II","Coplogic Initial","true","06244","Larceny Theft","Larceny - From Vehicle","Theft, From Locked Vehicle, >$950","Open or Active","HOLLADAY AVE \ YORK ST","20830000","Bayview","Bernal Heights","9","9","37.74647521972656","-122.40521240234375","POINT (-122.405212402 37.74647522)","2026-04-17T09:34:36.000","2026-04-18T09:56:46.000"
"156179406244","2026-04-09T09:40:00.000","2026-04-09T00:00:00.000","09:40","2026","Thursday","2026-04-09T11:07:00.000","1561794","266035873",,"II","Coplogic Initial","true","06244","Larceny Theft","Larceny - From Vehicle","Theft, From Locked Vehicle, >$950","Open or Active","BROADWAY \ VAN NESS AVE","26547000","Northern","Russian Hill","3","2","37.795738220214844","-122.42341613769531","POINT (-122.423416138 37.79573822)","2026-04-11T09:34:02.000","2026-04-12T09:57:47.000"
"156398606224","2026-04-09T19:00:00.000","2026-04-09T00:00:00.000","19:00","2026","Thursday","2026-04-10T08:50:00.000","1563986","266038128",,"II","Coplogic Initial","true","06224","Larceny Theft","Larceny - From Vehicle","Theft, From Unlocked Vehicle, >$950","Open or Active","NORTH POINT ST \ TAYLOR ST","25592000","Central","North Beach","3","3","37.80634307861328","-122.4154281616211","POINT (-122.415428162 37.806343079)","2026-04-21T09:34:34.000","2026-04-22T09:57:03.000"
"156308806244","2026-04-10T04:30:00.000","2026-04-10T00:00:00.000","04:30","2026","Friday","2026-04-10T17:04:00.000","1563088","266037023",,"II","Coplogic Initial","true","06244","Larceny Theft","Larceny - From Vehicle","Theft, From Locked Vehicle, >$950","Open or Active","CAPITOL AVE \ MONTANA ST","22575000","Taraval","Oceanview/Merced/Ingleside","11","11","37.71660232543945","-122.45906066894531","POINT (-122.459060669 37.716602325)","2026-04-17T09:34:36.000","2026-04-18T09:56:46.000"
"156325306224","2026-04-10T10:00:00.000","2026-04-10T00:00:00.000","10:00","2026","Friday","2026-04-11T17:06:00.000","1563253","266037437",,"II","Coplogic Initial","true","06224","Larceny Theft","Larceny - From Vehicle","Theft, From Unlocked Vehicle, >$950","Open or Active","QUESADA AVE \ SELBY ST","20756000","Bayview","Bayview Hunters Point","10","10","37.7386474609375","-122.40081024169922","POINT (-122.400810242 37.738647461)","2026-04-17T09:34:36.000","2026-04-18T09:56:46.000"
"156186906244","2026-04-10T17:30:00.000","2026-04-10T00:00:00.000","17:30","2026","Friday","2026-04-10T19:49:00.000","1561869","260201072","261003128","II","Initial",,"06244","Larceny Theft","Larceny - From Vehicle","Theft, From Locked Vehicle, >$950","Open or Active","03RD ST \ STEVENSON ST","24639000","Central","Financial District/South Beach","6","6","37.787025451660156","-122.40303039550781","POINT (-122.403030396 37.787025452)","2026-04-11T09:34:02.000","2026-04-12T09:57:47.000"
"156187006240","2026-04-10T17:50:00.000","2026-04-10T00:00:00.000","17:50","2026","Friday","2026-04-10T19:52:00.000","1561870","260201094","261003134","II","Initial",,"06240","Larceny Theft","Larceny - From Vehicle","Theft, From Locked Vehicle, Att.","Open or Active","JACKSON ST \ KEARNY ST","24778000","Central","Chinatown","3","3","37.79621124267578","-122.40514373779297","POINT (-122.405143738 37.796211243)","2026-04-11T09:34:02.000","2026-04-12T09:57:47.000"
"156218006224","2026-04-11T00:00:00.000","2026-04-11T00:00:00.000","00:00","2026","Saturday","2026-04-11T12:56:00.000","1562180","266036235",,"II","Coplogic Initial","true","06224","Larceny Theft","Larceny - From Vehicle","Theft, From Unlocked Vehicle, >$950","Open or Active","COPPER ALY \ MARKET ST","32940000","Mission","Castro/Upper Market","8","8","37.757362365722656","-122.44291687011719","POINT (-122.44291687 37.757362366)","2026-04-13T09:34:17.000","2026-04-14T10:00:18.000"
"156228006224","2026-04-11T01:00:00.000","2026-04-11T00:00:00.000","01:00","2026","Saturday","2026-04-12T16:38:00.000","1562280","266036423",,"II","Coplogic Initial","true","06224","Larceny Theft","Larceny - From Vehicle","Theft, From Unlocked Vehicle, >$950","Open or Active","ANZA ST \ ARGUELLO BLVD","27225000","Richmond","Lone Mountain/USF","2","1","37.779335021972656","-122.45873260498047","POINT (-122.458732605 37.779335022)","2026-04-13T09:34:17.000","2026-04-14T10:00:18.000"
"156239106223","2026-04-11T01:00:00.000","2026-04-11T00:00:00.000","01:00","2026","Saturday","2026-04-13T15:14:00.000","1562391","260205745","261032228","II","Initial",,"06223","Larceny Theft","Larceny - From Vehicle","Theft, From Unlocked Vehicle, $200-$950","Open or Active","FILLMORE ST \ SUTTER ST","26607000","Northern","Pacific Heights","5","5","37.78608703613281","-122.43327331542969","POINT (-122.433273315 37.786087036)","2026-04-14T09:33:53.000","2026-04-15T09:58:06.000"
"156297706244","2026-04-11T04:35:00.000","2026-04-11T00:00:00.000","04:35","2026","Saturday","2026-04-11T11:03:00.000","1562977","266037045",,"II","Coplogic Initial","true","06244","Larceny Theft","Larceny - From Vehicle","Theft, From Locked Vehicle, >$950","Open or Active","14TH AVE \ ULLOA ST","22954000","Taraval","West of Twin Peaks","7","7","37.741424560546875","-122.47010803222656","POINT (-122.470108032 37.741424561)","2026-04-16T09:34:16.000","2026-04-17T09:57:31.000"
"156227106224","2026-04-11T12:20:00.000","2026-04-11T00:00:00.000","12:20","2026","Saturday","2026-04-11T23:27:00.000","1562271","260202989","261013182","II","Initial",,"06224","Larceny Theft","Larceny - From Vehicle","Theft, From Unlocked Vehicle, >$950","Open or Active","MARKET ST \ RESERVOIR ST","25877000","Mission","Castro/Upper Market","8","8","37.76877212524414","-122.42745971679688","POINT (-122.427459717 37.768772125)","2026-04-14T09:33:53.000","2026-04-15T09:58:06.000"
"156309306244","2026-04-11T14:30:00.000","2026-04-11T00:00:00.000","14:30","2026","Saturday","2026-04-12T22:36:00.000","1563093","266037330",,"II","Coplogic Initial","true","06244","Larceny Theft","Larceny - From Vehicle","Theft, From Locked Vehicle, >$950","Open or Active","CLARA ST \ HULBERT ALY","30008000","Southern","South of Market","6","6","37.77970504760742","-122.40206909179688","POINT (-122.402069092 37.779705048)","2026-04-17T09:34:36.000","2026-04-18T09:56:46.000"
"156223206243","2026-04-11T18:00:00.000","2026-04-11T00:00:00.000","18:00","2026","Saturday","2026-04-12T20:07:00.000","1562232","260204292","261022502","II","Initial",,"06243","Larceny Theft","Larceny - From Vehicle","Theft, From Locked Vehicle, $200-$950","Open or Active","25TH ST \ PENNSYLVANIA AVE","23613000","Bayview","Bayview Hunters Point","10","10","37.75254440307617","-122.39263916015625","POINT (-122.39263916 37.752544403)","2026-04-13T09:34:17.000","2026-04-14T10:00:18.000"
"156221306243","2026-04-11T18:00:00.000","2026-04-11T00:00:00.000","18:00","2026","Saturday","2026-04-12T18:36:00.000","1562213","260204189","261022333","II","Initial",,"06243","Larceny Theft","Larceny - From Vehicle","Theft, From Locked Vehicle, $200-$950","Open or Active","25TH ST \ PENNSYLVANIA AVE","23613000","Bayview","Bayview Hunters Point","10","10","37.75254440307617","-122.39263916015625","POINT (-122.39263916 37.752544403)","2026-04-13T09:34:17.000","2026-04-14T10:00:18.000"
"156236106244","2026-04-11T20:00:00.000","2026-04-11T00:00:00.000","20:00","2026","Saturday","2026-04-12T09:28:00.000","1562361","266036417",,"II","Coplogic Initial","true","06244","Larceny Theft","Larceny - From Vehicle","Theft, From Locked Vehicle, >$950","Open or Active","LOCUST ST \ SACRAMENTO ST","26939000","Richmond","Presidio Heights","2","2","37.78755187988281","-122.45194244384766","POINT (-122.451942444 37.78755188)","2026-04-14T09:33:53.000","2026-04-15T09:58:06.000"
"156213406244","2026-04-11T20:40:00.000","2026-04-11T00:00:00.000","20:40","2026","Saturday","2026-04-12T07:00:00.000","1562134","260203335","261020571","II","Initial",,"06244","Larceny Theft","Larceny - From Vehicle","Theft, From Locked Vehicle, >$950","Open or Active","GAVEN ST \ SAN BRUNO AVE","21011000","Bayview","Portola","9","9","37.73401641845703","-122.4065170288086","POINT (-122.406517029 37.734016418)","2026-04-13T09:34:17.000","2026-04-14T10:00:18.000"
"156208906244","2026-04-11T22:53:00.000","2026-04-11T00:00:00.000","22:53","2026","Saturday","2026-04-12T01:48:00.000","1562089","260203062","261020198","II","Initial",,"06244","Larceny Theft","Larceny - From Vehicle","Theft, From Locked Vehicle, >$950","Open or Active","BONIFACIO ST \ MABINI ST","24585000","Southern","South of Market","6","6","37.7822151184082","-122.39983367919922","POINT (-122.399833679 37.782215118)","2026-04-12T09:34:07.000","2026-04-13T09:58:48.000"
"156209106242","2026-04-11T23:00:00.000","2026-04-11T00:00:00.000","23:00","2026","Saturday","2026-04-12T02:19:00.000","1562091","260203119","261020245","II","Initial",,"06242","Larceny Theft","Larceny - From Vehicle","Theft, From Locked Vehicle, $50-$200","Open or Active","04TH ST \ CLARA ST","23907000","Southern","South of Market","6","6","37.78121566772461","-122.400146484375","POINT (-122.400146484 37.781215668)","2026-04-12T09:34:07.000","2026-04-13T09:58:48.000"
"156210606243","2026-04-11T23:00:00.000","2026-04-11T00:00:00.000","23:00","2026","Saturday","2026-04-12T04:04:00.000","1562106","260203197","261020379","II","Initial",,"06243","Larceny Theft","Larceny - From Vehicle","Theft, From Locked Vehicle, $200-$950","Open or Active","23RD ST \ TENNESSEE ST","23556000","Bayview","Potrero Hill","10","10","37.75532913208008","-122.38899993896484","POINT (-122.388999939 37.755329132)","2026-04-12T09:34:07.000","2026-04-13T09:58:48.000"
"156222506241","2026-04-11T23:28:00.000","2026-04-11T00:00:00.000","23:28","2026","Saturday","2026-04-12T20:00:00.000","1562225","260204264","261022517","II","Initial",,"06241","Larceny Theft","Larceny - From Vehicle","Theft, From Locked Vehicle, <$50","Open or Active","15TH ST \ SOUTH VAN NESS AVE","24341000","Mission","Mission","9","9","37.76680374145508","-122.41764831542969","POINT (-122.417648315 37.766803741)","2026-04-13T09:34:17.000","2026-04-14T10:00:18.000"
"156248206244","2026-04-12T00:00:00.000","2026-04-12T00:00:00.000","00:00","2026","Sunday","2026-04-12T15:02:00.000","1562482","266036467",,"II","Coplogic Initial","true","06244","Larceny Theft","Larceny - From Vehicle","Theft, From Locked Vehicle, >$950","Open or Active","15TH ST \ SOUTH VAN NESS AVE","24341000","Mission","Mission","9","9","37.76680374145508","-122.41764831542969","POINT (-122.417648315 37.766803741)","2026-04-14T09:33:53.000","2026-04-15T09:58:06.000"
"156248306244","2026-04-12T00:00:00.000","2026-04-12T00:00:00.000","00:00","2026","Sunday","2026-04-12T11:13:00.000","1562483","266036473",,"II","Coplogic Initial","true","06244","Larceny Theft","Larceny - From Vehicle","Theft, From Locked Vehicle, >$950","Open or Active","23RD ST \ BARTLETT ST","24096000","Mission","Mission","9","9","37.75376892089844","-122.41970825195312","POINT (-122.419708252 37.753768921)","2026-04-14T09:33:53.000","2026-04-15T09:58:06.000"
"156283106244","2026-04-12T00:01:00.000","2026-04-12T00:00:00.000","00:01","2026","Sunday","2026-04-13T10:25:00.000","1562831","266036768",,"II","Coplogic Initial","true","06244","Larceny Theft","Larceny - From Vehicle","Theft, From Locked Vehicle, >$950","Open or Active","SUSSEX ST \ SWISS AVE","21995000","Ingleside","Glen Park","8","8","37.73670959472656","-122.4381332397461","POINT (-122.43813324 37.736709595)","2026-04-16T09:34:16.000","2026-04-17T09:57:31.000"
"156213906244","2026-04-12T03:30:00.000","2026-04-12T00:00:00.000","03:30","2026","Sunday","2026-04-12T10:00:00.000","1562139","260203410","261020980","II","Initial",,"06244","Larceny Theft","Larceny - From Vehicle","Theft, From Locked Vehicle, >$950","Open or Active","JENNINGS ST \ YOSEMITE AVE","20482000","Bayview","Bayview Hunters Point","10","10","37.725791931152344","-122.38980102539062","POINT (-122.389801025 37.725791931)","2026-04-13T09:34:17.000","2026-04-14T10:00:18.000"
"156236006244","2026-04-12T07:30:00.000","2026-04-12T00:00:00.000","07:30","2026","Sunday","2026-04-12T09:05:00.000","1562360","266036401",,"II","Coplogic Initial","true","06244","Larceny Theft","Larceny - From Vehicle","Theft, From Locked Vehicle, >$950","Open or Active","BRODERICK ST \ BUSH ST","26816000","Richmond","Pacific Heights","2","2","37.78596878051758","-122.44172668457031","POINT (-122.441726685 37.785968781)","2026-04-14T09:33:53.000","2026-04-15T09:58:06.000"
"156248006244","2026-04-12T09:00:00.000","2026-04-12T00:00:00.000","09:00","2026","Sunday","2026-04-12T22:27:00.000","1562480","266036445",,"II","Coplogic Initial","true","06244","Larceny Theft","Larceny - From Vehicle","Theft, From Locked Vehicle, >$950","Open or Active","23RD ST \ FOLSOM ST","23991000","Mission","Mission","9","9","37.75409698486328","-122.41423034667969","POINT (-122.414230347 37.754096985)","2026-04-14T09:33:53.000","2026-04-15T09:58:06.000"
"156237106241","2026-04-12T16:30:00.000","2026-04-12T00:00:00.000","16:30","2026","Sunday","2026-04-13T14:57:00.000","1562371","260205579","261032165","II","Initial",,"06241","Larceny Theft","Larceny - From Vehicle","Theft, From Locked Vehicle, <$50","Open or Active","JACKSON ST \ KEARNY ST","24778000","Central","Chinatown","3","3","37.79621124267578","-122.40514373779297","POINT (-122.405143738 37.796211243)","2026-04-14T09:33:53.000","2026-04-15T09:58:06.000"
"156222006244","2026-04-12T18:32:00.000","2026-04-12T00:00:00.000","18:32","2026","Sunday","2026-04-12T18:39:00.000","1562220","260203410","261022328","IS","Initial Supplement",,"06244","Larceny Theft","Larceny - From Vehicle","Theft, From Locked Vehicle, >$950","Open or Active","JENNINGS ST \ SHAFTER AVE","20155000","Bayview","Bayview Hunters Point","10","10","37.728919982910156","-122.3869857788086","POINT (-122.386985779 37.728919983)","2026-04-13T09:34:17.000","2026-04-14T10:00:18.000"
"156352006244","2026-04-13T05:00:00.000","2026-04-13T00:00:00.000","05:00","2026","Monday","2026-04-18T11:23:00.000","1563520","260215722","261081476","II","Initial",,"06244","Larceny Theft","Larceny - From Vehicle","Theft, From Locked Vehicle, >$950","Open or Active","FERN ST \ FRANKLIN ST","26497000","Northern","Western Addition","2","2","37.787803649902344","-122.42350006103516","POINT (-122.423500061 37.78780365)","2026-04-19T09:34:30.000","2026-04-20T09:56:58.000"
"156326906244","2026-04-14T00:00:00.000","2026-04-14T00:00:00.000","00:00","2026","Tuesday","2026-04-14T08:06:00.000","1563269","266037493",,"II","Coplogic Initial","true","06244","Larceny Theft","Larceny - From Vehicle","Theft, From Locked Vehicle, >$950","Open or Active","22ND ST \ WISCONSIN ST","23705000","Bayview","Potrero Hill","10","10","37.757301330566406","-122.39894104003906","POINT (-122.39894104 37.757301331)","2026-04-17T09:34:36.000","2026-04-18T09:56:46.000"
"156325906244","2026-04-14T00:00:00.000","2026-04-14T00:00:00.000","00:00","2026","Tuesday","2026-04-14T07:26:00.000","1563259","266037487",,"II","Coplogic Initial","true","06244","Larceny Theft","Larceny - From Vehicle","Theft, From Locked Vehicle, >$950","Open or Active",,,"Bayview",,,,,,,"2026-04-17T09:34:36.000","2026-04-18T09:56:46.000"
"156251006242","2026-04-14T00:00:00.000","2026-04-14T00:00:00.000","00:00","2026","Tuesday","2026-04-14T09:06:00.000","1562510","260206674","261040689","II","Initial",,"06242","Larceny Theft","Larceny - From Vehicle","Theft, From Locked Vehicle, $50-$200","Open or Active","22ND ST \ DE HARO ST","23709000","Bayview","Potrero Hill","10","10","37.75718307495117","-122.40087127685547","POINT (-122.400871277 37.757183075)","2026-04-15T09:34:21.000","2026-04-16T10:01:33.000"
"156266006221","2026-04-14T05:35:00.000","2026-04-14T00:00:00.000","05:35","2026","Tuesday","2026-04-14T17:41:00.000","1562660","260208006","261042699","II","Initial",,"06221","Larceny Theft","Larceny - From Vehicle","Theft, From Unlocked Vehicle, <$50","Open or Active","EDNA ST \ HEARST AVE","22161000","Ingleside","West of Twin Peaks","7","7","37.73069763183594","-122.44657135009766","POINT (-122.44657135 37.730697632)","2026-04-15T09:34:21.000","2026-04-16T10:01:33.000"
"156259506244","2026-04-14T07:55:00.000","2026-04-14T00:00:00.000","07:55","2026","Tuesday","2026-04-14T15:30:00.000","1562595","260207622","261042315","II","Initial",,"06244","Larceny Theft","Larceny - From Vehicle","Theft, From Locked Vehicle, >$950","Open or Active","NORTH POINT ST \ POWELL ST","25480000","Central","North Beach","3","3","37.806758880615234","-122.41213989257812","POINT (-122.412139893 37.806758881)","2026-04-15T09:34:21.000","2026-04-16T10:01:33.000"
"156264806223","2026-04-14T09:40:00.000","2026-04-14T00:00:00.000","09:40","2026","Tuesday","2026-04-14T19:06:00.000","1562648","260208056","261042970","II","Initial",,"06223","Larceny Theft","Larceny - From Vehicle","Theft, From Unlocked Vehicle, $200-$950","Open or Active","MASON ST \ POST ST","24919000","Tenderloin","Nob Hill","3","3","37.788082122802734","-122.4100570678711","POINT (-122.410057068 37.788082123)","2026-04-15T09:34:21.000","2026-04-16T10:01:33.000"
"156258906244","2026-04-14T10:25:00.000","2026-04-14T00:00:00.000","10:25","2026","Tuesday","2026-04-14T15:29:00.000","1562589","260207478","261042186","II","Initial",,"06244","Larceny Theft","Larceny - From Vehicle","Theft, From Locked Vehicle, >$950","Open or Active","BAY ST \ MASON ST","25473000","Central","North Beach","3","3","37.80561828613281","-122.41360473632812","POINT (-122.413604736 37.805618286)","2026-04-15T09:34:21.000","2026-04-16T10:01:33.000"
"156314406222","2026-04-14T15:00:00.000","2026-04-14T00:00:00.000","15:00","2026","Tuesday","2026-04-16T16:34:00.000","1563144","260212063","261060873","IS","Initial Supplement",,"06222","Larceny Theft","Larceny - From Vehicle","Theft, From Unlocked Vehicle, $50-$200","Open or Active","04TH ST \ BERRY ST","23797000","Southern","Mission Bay","6","6","37.775787353515625","-122.39335632324219","POINT (-122.393356323 37.775787354)","2026-04-17T09:34:36.000","2026-04-18T09:56:46.000"
"156309806244","2026-04-15T03:00:00.000","2026-04-15T00:00:00.000","03:00","2026","Wednesday","2026-04-15T10:45:00.000","1563098","266037324",,"II","Coplogic Initial","true","06244","Larceny Theft","Larceny - From Vehicle","Theft, From Locked Vehicle, >$950","Open or Active","BUCHANAN ST \ FELL ST","25930000","Northern","Hayes Valley","5","5","37.77531814575195","-122.42772674560547","POINT (-122.427726746 37.775318146)","2026-04-17T09:34:36.000","2026-04-18T09:56:46.000"
"156374606243","2026-04-15T13:00:00.000","2026-04-15T00:00:00.000","13:00","2026","Wednesday","2026-04-19T11:40:00.000","1563746","260217728","261091447","II","Initial",,"06243","Larceny Theft","Larceny - From Vehicle","Theft, From Locked Vehicle, $200-$950","Open or Active","ANZAVISTA AVE \ ARBOL LN","33555000","Park","Lone Mountain/USF","2","2","37.77953338623047","-122.44387817382812","POINT (-122.443878174 37.779533386)","2026-04-20T09:34:04.000","2026-04-21T09:57:20.000"
"156313006241","2026-04-15T18:00:00.000","2026-04-15T00:00:00.000","18:00","2026","Wednesday","2026-04-16T16:15:00.000","1563130","260211952","261062618","II","Initial",,"06241","Larceny Theft","Larceny - From Vehicle","Theft, From Locked Vehicle, <$50","Open or Active","EXCELSIOR AVE \ LONDON ST","21760000","Ingleside","Excelsior","11","11","37.72587203979492","-122.43285369873047","POINT (-122.432853699 37.72587204)","2026-04-17T09:34:36.000","2026-04-18T09:56:46.000"
"156368706244","2026-04-15T19:00:00.000","2026-04-15T00:00:00.000","19:00","2026","Wednesday","2026-04-16T13:39:00.000","1563687","266037998",,"II","Coplogic Initial","true","06244","Larceny Theft","Larceny - From Vehicle","Theft, From Locked Vehicle, >$950","Open or Active","BAY SHORE BLVD \ PAUL AVE","20574000","Bayview","Bayview Hunters Point","10","10","37.72361755371094","-122.40078735351562","POINT (-122.400787354 37.723617554)","2026-04-19T09:34:30.000","2026-04-20T09:56:58.000"
"156304306241","2026-04-15T19:00:00.000","2026-04-15T00:00:00.000","19:00","2026","Wednesday","2026-04-16T11:22:00.000","1563043","260211372","261061473","II","Initial",,"06241","Larceny Theft","Larceny - From Vehicle","Theft, From Locked Vehicle, <$50","Open or Active","16TH ST \ DE HARO ST","23754000","Southern","Mission Bay","10","10","37.76613235473633","-122.40171813964844","POINT (-122.40171814 37.766132355)","2026-04-17T09:34:36.000","2026-04-18T09:56:46.000"
"156311506243","2026-04-15T19:00:00.000","2026-04-15T00:00:00.000","19:00","2026","Wednesday","2026-04-16T08:00:00.000","1563115","260211673","261061130","II","Initial",,"06243","Larceny Theft","Larceny - From Vehicle","Theft, From Locked Vehicle, $200-$950","Open or Active","GUY PL \ LANSING ST","24521000","Southern","Financial District/South Beach","6","6","37.78573989868164","-122.39437103271484","POINT (-122.394371033 37.785739899)","2026-04-17T09:34:36.000","2026-04-18T09:56:46.000"
"156325106244","2026-04-15T20:40:00.000","2026-04-15T00:00:00.000","20:40","2026","Wednesday","2026-04-15T22:15:00.000","1563251","266037528",,"II","Coplogic Initial","true","06244","Larceny Theft","Larceny - From Vehicle","Theft, From Locked Vehicle, >$950","Open or Active","23RD ST \ MINNESOTA ST","23616000","Bayview","Potrero Hill","10","10","37.755271911621094","-122.3899917602539","POINT (-122.38999176 37.755271912)","2026-04-17T09:34:36.000","2026-04-18T09:56:46.000"
"156331006223","2026-04-15T23:15:00.000","2026-04-15T00:00:00.000","23:15","2026","Wednesday","2026-04-16T11:12:00.000","1563310","260211344","261061375","II","Initial",,"06223","Larceny Theft","Larceny - From Vehicle","Theft, From Unlocked Vehicle, $200-$950","Open or Active","CONGO ST \ FLOOD AVE","22138000","Ingleside","West of Twin Peaks","7","7","37.72991180419922","-122.44200897216797","POINT (-122.442008972 37.729911804)","2026-04-18T09:34:24.000","2026-04-19T09:56:49.000"
"156370306244","2026-04-16T00:05:00.000","2026-04-16T00:00:00.000","00:05","2026","Thursday","2026-04-16T09:16:00.000","1563703","266037976",,"II","Coplogic Initial","true","06244","Larceny Theft","Larceny - From Vehicle","Theft, From Locked Vehicle, >$950","Open or Active","RHODE ISLAND ST \ SOUTHERN HEIGHTS AVE","23755000","Bayview","Potrero Hill","10","10","37.75840377807617","-122.4019546508789","POINT (-122.401954651 37.758403778)","2026-04-19T09:34:30.000","2026-04-20T09:56:58.000"
"156410406224","2026-04-16T08:30:00.000","2026-04-16T00:00:00.000","08:30","2026","Thursday","2026-04-17T13:53:00.000","1564104","266038316",,"II","Coplogic Initial","true","06224","Larceny Theft","Larceny - From Vehicle","Theft, From Unlocked Vehicle, >$950","Open or Active","25TH ST \ TREAT AVE","23980000","Mission","Mission","9","9","37.75096893310547","-122.412841796875","POINT (-122.412841797 37.750968933)","2026-04-21T09:34:34.000","2026-04-22T09:57:03.000"
"156368806244","2026-04-16T16:00:00.000","2026-04-16T00:00:00.000","16:00","2026","Thursday","2026-04-17T06:36:00.000","1563688","266038009",,"II","Coplogic Initial","true","06244","Larceny Theft","Larceny - From Vehicle","Theft, From Locked Vehicle, >$950","Open or Active",,,"Bayview",,,,,,,"2026-04-19T09:34:30.000","2026-04-20T09:56:58.000"
"156317906244","2026-04-16T16:55:00.000","2026-04-16T00:00:00.000","16:55","2026","Thursday","2026-04-16T18:10:00.000","1563179","260212314","261062998","II","Initial",,"06244","Larceny Theft","Larceny - From Vehicle","Theft, From Locked Vehicle, >$950","Open or Active","03RD ST \ STEVENSON ST","24639000","Central","Financial District/South Beach","6","6","37.787025451660156","-122.40303039550781","POINT (-122.403030396 37.787025452)","2026-04-17T09:34:36.000","2026-04-18T09:56:46.000"
"156378306224","2026-04-16T19:00:00.000","2026-04-16T00:00:00.000","19:00","2026","Thursday","2026-04-17T08:51:00.000","1563783","266038015",,"II","Coplogic Initial","true","06224","Larceny Theft","Larceny - From Vehicle","Theft, From Unlocked Vehicle, >$950","Open or Active","25TH ST \ RHODE ISLAND ST","23694000","Bayview","Potrero Hill","10","10","37.752017974853516","-122.4013671875","POINT (-122.401367188 37.752017975)","2026-04-20T09:34:04.000","2026-04-21T09:57:20.000"
"156381106243","2026-04-16T20:00:00.000","2026-04-16T00:00:00.000","20:00","2026","Thursday","2026-04-16T22:51:00.000","1563811","260212659","261063826","II","Initial",,"06243","Larceny Theft","Larceny - From Vehicle","Theft, From Locked Vehicle, $200-$950","Open or Active","10TH ST \ FOLSOM ST","24233000","Southern","South of Market","6","6","37.77281188964844","-122.41282653808594","POINT (-122.412826538 37.77281189)","2026-04-20T09:34:04.000","2026-04-21T09:57:20.000"
"156329706243","2026-04-16T21:00:00.000","2026-04-16T00:00:00.000","21:00","2026","Thursday","2026-04-17T09:40:00.000","1563297","260213356","261071025","II","Initial",,"06243","Larceny Theft","Larceny - From Vehicle","Theft, From Locked Vehicle, $200-$950","Open or Active","19TH ST \ VALENCIA ST","24158000","Mission","Mission","9","9","37.760101318359375","-122.42142486572266","POINT (-122.421424866 37.760101318)","2026-04-18T09:34:24.000","2026-04-19T09:56:49.000"
"156348206244","2026-04-16T21:00:00.000","2026-04-16T00:00:00.000","21:00","2026","Thursday","2026-04-17T09:10:00.000","1563482","266037738",,"II","Coplogic Initial","true","06244","Larceny Theft","Larceny - From Vehicle","Theft, From Locked Vehicle, >$950","Open or Active","PACIFIC AVE \ POLK ST","25316000","Northern","Russian Hill","3","3","37.79502868652344","-122.42158508300781","POINT (-122.421585083 37.795028687)","2026-04-18T09:34:24.000","2026-04-19T09:56:49.000"
"156432506244","2026-04-16T23:00:00.000","2026-04-16T00:00:00.000","23:00","2026","Thursday","2026-04-17T11:27:00.000","1564325","266038651",,"II","Coplogic Initial","true","06244","Larceny Theft","Larceny - From Vehicle","Theft, From Locked Vehicle, >$950","Open or Active","SEARS ST \ SICKLES AVE","21583000","Ingleside","Outer Mission","11","11","37.709678649902344","-122.45388793945312","POINT (-122.453887939 37.70967865)","2026-04-22T09:34:09.000","2026-04-23T09:57:23.000"
"156370806224","2026-04-17T21:00:00.000","2026-04-17T00:00:00.000","21:00","2026","Friday","2026-04-18T14:41:00.000","1563708","260216071","261081747","II","Initial",,"06224","Larceny Theft","Larceny - From Vehicle","Theft, From Unlocked Vehicle, >$950","Open or Active","09TH ST \ FOLSOM ST","24246000","Southern","South of Market","6","6","37.77376937866211","-122.41161346435547","POINT (-122.411613464 37.773769379)","2026-04-20T09:34:04.000","2026-04-21T09:57:20.000"
"156378606222","2026-04-17T22:30:00.000","2026-04-17T00:00:00.000","22:30","2026","Friday","2026-04-19T15:00:00.000","1563786","260217988","261092059","II","Initial",,"06222","Larceny Theft","Larceny - From Vehicle","Theft, From Unlocked Vehicle, $50-$200","Open or Active","MISSION ST \ PLUM ST","24359000","Mission","Mission","6","6","37.7710075378418","-122.41964721679688","POINT (-122.419647217 37.771007538)","2026-04-20T09:34:04.000","2026-04-21T09:57:20.000"
"156418806244","2026-04-17T23:30:00.000","2026-04-17T00:00:00.000","23:30","2026","Friday","2026-04-20T22:53:00.000","1564188","266038576",,"II","Coplogic Initial","true","06244","Larceny Theft","Larceny - From Vehicle","Theft, From Locked Vehicle, >$950","Open or Active","10TH AVE \ FULTON ST","27262000","Richmond","Golden Gate Park","1","1","37.7733039855957","-122.46802520751953","POINT (-122.468025208 37.773303986)","2026-04-22T09:34:09.000","2026-04-23T09:57:23.000"
"156378006244","2026-04-18T05:45:00.000","2026-04-18T00:00:00.000","05:45","2026","Saturday","2026-04-18T14:50:00.000","1563780","266037926",,"II","Coplogic Initial","true","06244","Larceny Theft","Larceny - From Vehicle","Theft, From Locked Vehicle, >$950","Open or Active","LARKIN ST \ LOMBARD ST","25566000","Northern","Russian Hill","3","2","37.8017578125","-122.42125701904297","POINT (-122.421257019 37.801757812)","2026-04-20T09:34:04.000","2026-04-21T09:57:20.000"
"156351606244","2026-04-18T06:39:00.000","2026-04-18T00:00:00.000","06:39","2026","Saturday","2026-04-18T10:56:00.000","1563516","260215669","261081386","II","Initial",,"06244","Larceny Theft","Larceny - From Vehicle","Theft, From Locked Vehicle, >$950","Open or Active","JACKSON ST \ KEARNY ST","24778000","Central","Chinatown","3","3","37.79621124267578","-122.40514373779297","POINT (-122.405143738 37.796211243)","2026-04-19T09:34:30.000","2026-04-20T09:56:58.000"
"156380806222","2026-04-18T13:23:00.000","2026-04-18T00:00:00.000","13:23","2026","Saturday","2026-04-19T16:35:00.000","1563808","260218174","261092336","II","Initial",,"06222","Larceny Theft","Larceny - From Vehicle","Theft, From Unlocked Vehicle, $50-$200","Open or Active","15TH ST \ FLORIDA ST","24214000","Mission","Mission","9","9","37.766841888427734","-122.41158294677734","POINT (-122.411582947 37.766841888)","2026-04-20T09:34:04.000","2026-04-21T09:57:20.000"
"156378106244","2026-04-18T13:30:00.000","2026-04-18T00:00:00.000","13:30","2026","Saturday","2026-04-18T16:58:00.000","1563781","266037948",,"II","Coplogic Initial","true","06244","Larceny Theft","Larceny - From Vehicle","Theft, From Locked Vehicle, >$950","Open or Active","BUSH ST \ OCTAVIA ST","26521000","Northern","Pacific Heights","5","5","37.78786087036133","-122.42686462402344","POINT (-122.426864624 37.78786087)","2026-04-20T09:34:04.000","2026-04-21T09:57:20.000"
"156399606244","2026-04-18T13:30:00.000","2026-04-18T00:00:00.000","13:30","2026","Saturday","2026-04-19T19:26:00.000","1563996","266037948",,"IS","Coplogic Supplement","true","06244","Larceny Theft","Larceny - From Vehicle","Theft, From Locked Vehicle, >$950","Open or Active","BUSH ST \ OCTAVIA ST","26521000","Northern","Pacific Heights","5","5","37.78786087036133","-122.42686462402344","POINT (-122.426864624 37.78786087)","2026-04-21T09:34:34.000","2026-04-22T09:57:03.000"
"156379306224","2026-04-18T16:30:00.000","2026-04-18T00:00:00.000","16:30","2026","Saturday","2026-04-19T16:27:00.000","1563793","260218152","261092304","II","Initial",,"06224","Larceny Theft","Larceny - From Vehicle","Theft, From Unlocked Vehicle, >$950","Open or Active","OCTAVIA ST \ PINE ST","26528000","Northern","Pacific Heights","5","5","37.788787841796875","-122.42706298828125","POINT (-122.427062988 37.788787842)","2026-04-20T09:34:04.000","2026-04-21T09:57:20.000"
"156392106243","2026-04-18T18:30:00.000","2026-04-18T00:00:00.000","18:30","2026","Saturday","2026-04-20T11:10:00.000","1563921","260219348","261101158","II","Initial",,"06243","Larceny Theft","Larceny - From Vehicle","Theft, From Locked Vehicle, $200-$950","Open or Active","24TH ST \ CHATTANOOGA ST","25619000","Mission","Noe Valley","8","8","37.75177001953125","-122.42633056640625","POINT (-122.426330566 37.75177002)","2026-04-21T09:34:34.000","2026-04-22T09:57:03.000"
"156378906244","2026-04-18T20:50:00.000","2026-04-18T00:00:00.000","20:50","2026","Saturday","2026-04-19T15:46:00.000","1563789","260218033","261092170","II","Initial",,"06244","Larceny Theft","Larceny - From Vehicle","Theft, From Locked Vehicle, >$950","Open or Active","CHESTER AVE \ PALMETTO AVE","22534000","Taraval","Oceanview/Merced/Ingleside","7","7","37.710655212402344","-122.47042083740234","POINT (-122.470420837 37.710655212)","2026-04-20T09:34:04.000","2026-04-21T09:57:20.000"
"156411606224","2026-04-18T22:10:00.000","2026-04-18T00:00:00.000","22:10","2026","Saturday","2026-04-19T15:42:00.000","1564116","266038350",,"II","Coplogic Initial","true","06224","Larceny Theft","Larceny - From Vehicle","Theft, From Unlocked Vehicle, >$950","Open or Active",,,"Mission",,,,,,,"2026-04-21T09:34:34.000","2026-04-22T09:57:03.000"
"156367506243","2026-04-18T23:50:00.000","2026-04-18T00:00:00.000","23:50","2026","Saturday","2026-04-19T01:29:00.000","1563675","260217110","261090175","II","Initial",,"06243","Larceny Theft","Larceny - From Vehicle","Theft, From Locked Vehicle, $200-$950","Open or Active","04TH ST \ CLARA ST","23907000","Southern","South of Market","6","6","37.78121566772461","-122.400146484375","POINT (-122.400146484 37.781215668)","2026-04-19T09:34:30.000","2026-04-20T09:56:58.000"
"156457106244","2026-04-19T02:30:00.000","2026-04-19T00:00:00.000","02:30","2026","Sunday","2026-04-20T11:17:00.000","1564571","266039057",,"II","Coplogic Initial","true","06244","Larceny Theft","Larceny - From Vehicle","Theft, From Locked Vehicle, >$950","Open or Active","CESAR CHAVEZ ST \ MICHIGAN ST","23528000","Bayview","Bayview Hunters Point","10","10","37.75038146972656","-122.38561248779297","POINT (-122.385612488 37.75038147)","2026-04-23T09:34:04.000","2026-04-23T09:57:23.000"
"156388906244","2026-04-19T06:15:00.000","2026-04-19T00:00:00.000","06:15","2026","Sunday","2026-04-19T17:00:00.000","1563889","266038178",,"II","Coplogic Initial","true","06244","Larceny Theft","Larceny - From Vehicle","Theft, From Locked Vehicle, >$950","Open or Active","BUSH ST \ SCOTT ST","26627000","Northern","Pacific Heights","2","5","37.78639221191406","-122.43839263916016","POINT (-122.438392639 37.786392212)","2026-04-20T09:34:04.000","2026-04-21T09:57:20.000"
"156419706244","2026-04-19T08:30:00.000","2026-04-19T00:00:00.000","08:30","2026","Sunday","2026-04-19T13:51:00.000","1564197","266038510",,"II","Coplogic Initial","true","06244","Larceny Theft","Larceny - From Vehicle","Theft, From Locked Vehicle, >$950","Open or Active",,,"Richmond",,,,,,,"2026-04-22T09:34:09.000","2026-04-23T09:57:23.000"
"156388506244","2026-04-19T08:30:00.000","2026-04-19T00:00:00.000","08:30","2026","Sunday","2026-04-19T10:22:00.000","1563885","266038065",,"II","Coplogic Initial","true","06244","Larceny Theft","Larceny - From Vehicle","Theft, From Locked Vehicle, >$950","Open or Active","BUSH ST \ STEINER ST","26629000","Northern","Pacific Heights","5","5","37.78681182861328","-122.43510437011719","POINT (-122.43510437 37.786811829)","2026-04-20T09:34:04.000","2026-04-21T09:57:20.000"
"156376706244","2026-04-19T12:00:00.000","2026-04-19T00:00:00.000","12:00","2026","Sunday","2026-04-19T14:00:00.000","1563767","260217916","261091853","II","Initial",,"06244","Larceny Theft","Larceny - From Vehicle","Theft, From Locked Vehicle, >$950","Open or Active","POWELL ST \ SUTTER ST","24909000","Central","Nob Hill","3","3","37.78922653198242","-122.4085922241211","POINT (-122.408592224 37.789226532)","2026-04-20T09:34:04.000","2026-04-21T09:57:20.000"
"156401706222","2026-04-19T15:00:00.000","2026-04-19T00:00:00.000","15:00","2026","Sunday","2026-04-20T17:00:00.000","1564017","260220113","261102300","II","Initial",,"06222","Larceny Theft","Larceny - From Vehicle","Theft, From Unlocked Vehicle, $50-$200","Open or Active","18TH AVE \ CLEMENT ST","27503000","Richmond","Outer Richmond","1","1","37.7823600769043","-122.47737121582031","POINT (-122.477371216 37.782360077)","2026-04-21T09:34:34.000","2026-04-22T09:57:03.000"
"156456706244","2026-04-19T17:00:00.000","2026-04-19T00:00:00.000","17:00","2026","Sunday","2026-04-20T05:47:00.000","1564567","266039029",,"II","Coplogic Initial","true","06244","Larceny Theft","Larceny - From Vehicle","Theft, From Locked Vehicle, >$950","Open or Active",,,"Bayview",,,,,,,"2026-04-23T09:34:04.000","2026-04-23T09:57:23.000"
"156420206244","2026-04-19T17:00:00.000","2026-04-19T00:00:00.000","17:00","2026","Sunday","2026-04-20T07:42:00.000","1564202","266038526",,"II","Coplogic Initial","true","06244","Larceny Theft","Larceny - From Vehicle","Theft, From Locked Vehicle, >$950","Open or Active","18TH AVE \ CLEMENT ST","27503000","Richmond","Outer Richmond","1","1","37.7823600769043","-122.47737121582031","POINT (-122.477371216 37.782360077)","2026-04-22T09:34:09.000","2026-04-23T09:57:23.000"
"156400206221","2026-04-19T21:00:00.000","2026-04-19T00:00:00.000","21:00","2026","Sunday","2026-04-20T15:00:00.000","1564002","260219865","261101939","II","Initial",,"06221","Larceny Theft","Larceny - From Vehicle","Theft, From Unlocked Vehicle, <$50","Open or Active","09TH AVE \ LAWTON ST","27109000","Richmond","Inner Sunset","7","7","37.758445739746094","-122.4659194946289","POINT (-122.465919495 37.75844574)","2026-04-21T09:34:34.000","2026-04-22T09:57:03.000"
"156410906244","2026-04-19T21:00:00.000","2026-04-19T00:00:00.000","21:00","2026","Sunday","2026-04-20T12:11:00.000","1564109","266038532",,"II","Coplogic Initial","true","06244","Larceny Theft","Larceny - From Vehicle","Theft, From Locked Vehicle, >$950","Open or Active",,,"Richmond",,,,,,,"2026-04-21T09:34:34.000","2026-04-22T09:57:03.000"
"156456406244","2026-04-19T23:00:00.000","2026-04-19T00:00:00.000","23:00","2026","Sunday","2026-04-20T19:48:00.000","1564564","266039079",,"II","Coplogic Initial","true","06244","Larceny Theft","Larceny - From Vehicle","Theft, From Locked Vehicle, >$950","Open or Active","18TH ST \ MISSOURI ST","23678000","Bayview","Potrero Hill","10","10","37.76258087158203","-122.39653015136719","POINT (-122.396530151 37.762580872)","2026-04-23T09:34:04.000","2026-04-23T09:57:23.000"
"156388106223","2026-04-20T00:00:00.000","2026-04-20T00:00:00.000","00:00","2026","Monday","2026-04-20T00:47:00.000","1563881","260218986","261100058","II","Initial",,"06223","Larceny Theft","Larceny - From Vehicle","Theft, From Unlocked Vehicle, $200-$950","Open or Active","ECKER ST \ FOLSOM ST","24523000","Southern","Financial District/South Beach","6","6","37.786678314208984","-122.395263671875","POINT (-122.395263672 37.786678314)","2026-04-21T09:34:34.000","2026-04-22T09:57:03.000"
"156456206244","2026-04-20T08:00:00.000","2026-04-20T00:00:00.000","08:00","2026","Monday","2026-04-21T09:17:00.000","1564562","266039085",,"II","Coplogic Initial","true","06244","Larceny Theft","Larceny - From Vehicle","Theft, From Locked Vehicle, >$950","Open or Active","MARIPOSA ST \ MISSOURI ST","23680000","Bayview","Potrero Hill","10","10","37.763851165771484","-122.39664459228516","POINT (-122.396644592 37.763851166)","2026-04-23T09:34:04.000","2026-04-23T09:57:23.000"
"156403806244","2026-04-20T12:55:00.000","2026-04-20T00:00:00.000","12:55","2026","Monday","2026-04-20T17:16:00.000","1564038","260220141","261102329","II","Initial",,"06244","Larceny Theft","Larceny - From Vehicle","Theft, From Locked Vehicle, >$950","Open or Active","CHESTNUT ST \ MALLORCA WAY","26772000","Northern","Marina","2","2","37.800682067871094","-122.43730163574219","POINT (-122.437301636 37.800682068)","2026-04-21T09:34:34.000","2026-04-22T09:57:03.000"
"156402006224","2026-04-20T14:25:00.000","2026-04-20T00:00:00.000","14:25","2026","Monday","2026-04-20T16:40:00.000","1564020","260220038","261102233","II","Initial",,"06224","Larceny Theft","Larceny - From Vehicle","Theft, From Unlocked Vehicle, >$950","Open or Active","HUDSON AVE \ KEITH ST","20201000","Bayview","Bayview Hunters Point","10","10","37.73751449584961","-122.38404846191406","POINT (-122.384048462 37.737514496)","2026-04-21T09:34:34.000","2026-04-22T09:57:03.000"
"156407306243","2026-04-20T16:30:00.000","2026-04-20T00:00:00.000","16:30","2026","Monday","2026-04-20T23:24:00.000","1564073","260220618","261103098","II","Initial",,"06243","Larceny Theft","Larceny - From Vehicle","Theft, From Locked Vehicle, $200-$950","Open or Active","CESAR CHAVEZ ST \ ILLINOIS ST","23534000","Bayview","Bayview Hunters Point","10","10","37.75032424926758","-122.38656616210938","POINT (-122.386566162 37.750324249)","2026-04-21T09:34:34.000","2026-04-22T09:57:03.000"
"156433206241","2026-04-20T16:45:00.000","2026-04-20T00:00:00.000","16:45","2026","Monday","2026-04-21T08:58:00.000","1564332","260221105","261110855","II","Initial",,"06241","Larceny Theft","Larceny - From Vehicle","Theft, From Locked Vehicle, <$50","Open or Active","FRANKLIN ST \ WASHINGTON ST","26539000","Northern","Pacific Heights","2","2","37.792842864990234","-122.42451477050781","POINT (-122.424514771 37.792842865)","2026-04-23T09:34:04.000","2026-04-23T09:57:23.000"
"156415706243","2026-04-20T20:00:00.000","2026-04-20T00:00:00.000","20:00","2026","Monday","2026-04-21T10:20:00.000","1564157","260221199","261111124","II","Initial",,"06243","Larceny Theft","Larceny - From Vehicle","Theft, From Locked Vehicle, $200-$950","Open or Active","DASHIELL HAMMETT ST \ PINE ST","24981000","Central","Nob Hill","3","3","37.79120635986328","-122.4080581665039","POINT (-122.408058167 37.79120636)","2026-04-22T09:34:09.000","2026-04-23T09:57:23.000"
"156442006224","2026-04-20T21:15:00.000","2026-04-20T00:00:00.000","21:15","2026","Monday","2026-04-21T07:20:00.000","1564420","266038708",,"II","Coplogic Initial","true","06224","Larceny Theft","Larceny - From Vehicle","Theft, From Unlocked Vehicle, >$950","Open or Active",,,"Mission",,,,,,,"2026-04-23T09:34:04.000","2026-04-23T09:57:23.000"
"156406506242","2026-04-20T21:40:00.000","2026-04-20T00:00:00.000","21:40","2026","Monday","2026-04-20T21:49:00.000","1564065","260220527","261102940","II","Initial",,"06242","Larceny Theft","Larceny - From Vehicle","Theft, From Locked Vehicle, $50-$200","Open or Active","BUCHANAN ST \ LAUSSAT ST","25891000","Northern","Hayes Valley","5","8","37.77206039428711","-122.42706298828125","POINT (-122.427062988 37.772060394)","2026-04-21T09:34:34.000","2026-04-22T09:57:03.000"
"156442206224","2026-04-20T23:59:00.000","2026-04-20T00:00:00.000","23:59","2026","Monday","2026-04-21T08:34:00.000","1564422","266038714",,"II","Coplogic Initial","true","06224","Larceny Theft","Larceny - From Vehicle","Theft, From Unlocked Vehicle, >$950","Open or Active","CLINTON PARK \ GUERRERO ST","25844000","Mission","Mission","9","8","37.76914978027344","-122.42447662353516","POINT (-122.424476624 37.76914978)","2026-04-23T09:34:04.000","2026-04-23T09:57:23.000"
"156423306244","2026-04-21T10:00:00.000","2026-04-21T00:00:00.000","10:00","2026","Tuesday","2026-04-21T17:55:00.000","1564233","260222181","261112769","II","Initial",,"06244","Larceny Theft","Larceny - From Vehicle","Theft, From Locked Vehicle, >$950","Open or Active","15TH ST \ BRYANT ST","24213000","Mission","Mission","9","10","37.766902923583984","-122.41060638427734","POINT (-122.410606384 37.766902924)","2026-04-22T09:34:09.000","2026-04-23T09:57:23.000"
"156444806223","2026-04-21T22:35:00.000","2026-04-21T00:00:00.000","22:35","2026","Tuesday","2026-04-22T00:00:00.000","1564448","260222749","261113582","II","Initial",,"06223","Larceny Theft","Larceny - From Vehicle","Theft, From Unlocked Vehicle, $200-$950","Open or Active","20TH ST \ SAN CARLOS ST","24146000","Mission","Mission","9","9","37.758583068847656","-122.41983795166016","POINT (-122.419837952 37.758583069)","2026-04-23T09:34:04.000","2026-04-23T09:57:23.000"
"156443906244","2026-04-22T12:00:00.000","2026-04-22T00:00:00.000","12:00","2026","Wednesday","2026-04-22T12:54:00.000","1564439","260223612","261121828","II","Initial",,"06244","Larceny Theft","Larceny - From Vehicle","Theft, From Locked Vehicle, >$950","Open or Active","LANE ST \ NEWCOMB AVE","20208000","Bayview","Bayview Hunters Point","10","10","37.734169006347656","-122.38790893554688","POINT (-122.387908936 37.734169006)","2026-04-23T09:34:04.000","2026-04-23T09:57:23.000"
"156444006220","2026-04-22T15:30:00.000","2026-04-22T00:00:00.000","15:30","2026","Wednesday","2026-04-22T15:32:00.000","1564440","260223941","261122446","II","Initial",,"06220","Larceny Theft","Larceny - From Vehicle","Theft, From Unlocked Vehicle, Att.","Cite or Arrest Adult","HARRIET ST \ HARRISON ST","23921000","Southern","South of Market","6","6","37.77684783935547","-122.40460968017578","POINT (-122.40460968 37.776847839)","2026-04-23T09:34:04.000","2026-04-23T09:57:23.000"
"156450806243","2026-04-22T20:45:00.000","2026-04-22T00:00:00.000","20:45","2026","Wednesday","2026-04-22T20:45:00.000","1564508","260156433",,"IS","Initial Supplement",,"06243","Larceny Theft","Larceny - From Vehicle","Theft, From Locked Vehicle, $200-$950","Open or Active","DOWNEY ST \ WALLER ST","26405000","Park","Haight Ashbury","5","5","37.76897048950195","-122.44757080078125","POINT (-122.447570801 37.76897049)","2026-04-23T09:34:04.000","2026-04-23T09:57:23.000"
"156453106243","2026-04-22T21:00:00.000","2026-04-22T00:00:00.000","21:00","2026","Wednesday","2026-04-22T22:42:00.000","1564531","260224654","261123699","II","Initial",,"06243","Larceny Theft","Larceny - From Vehicle","Theft, From Locked Vehicle, $200-$950","Open or Active","GOLDEN GATE AVE \ LEAVENWORTH ST","24334000","Tenderloin","Tenderloin","5","6","37.781864166259766","-122.41386413574219","POINT (-122.413864136 37.781864166)","2026-04-23T09:34:04.000","2026-04-23T09:57:23.000"
"156453406224","2026-04-22T21:30:00.000","2026-04-22T00:00:00.000","21:30","2026","Wednesday","2026-04-22T23:34:00.000","1564534","260224698","261123796","II","Initial",,"06224","Larceny Theft","Larceny - From Vehicle","Theft, From Unlocked Vehicle, >$950","Open or Active","EDDY ST \ HYDE ST","25138000","Tenderloin","Tenderloin","5","6","37.78351593017578","-122.41588592529297","POINT (-122.415885925 37.78351593)","2026-04-23T09:34:04.000","2026-04-23T09:57:23.000"
